Borough,AvgFatality,AvgInjury,AvgIncident,FatalityRate_%,InjuryRate_%
Bronx,0.019230769230769232,1.0961538461538463,1.3076923076923077,1.47,83.82
Brooklyn,0.012422360248447204,1.0372670807453417,1.434782608695652,0.87,72.29
Manhattan,0.016666666666666666,1.1388888888888888,1.3111111111111111,1.27,86.86
Queens,0.017857142857142856,1.3214285714285714,1.6607142857142858,1.08,79.57
Staten Island,0.0,0.0,1.2,0.0,0.0
